{
  "0": {
    "fun_success_rate": 0.011764705882352941,
    "class_success_rate": 0.011764705882352941,
    "fun_partial_rate": 0.09411764705882353,
    "class_partial_rate": 0.09411764705882353,
    "total_success": 1,
    "total_partial": 7,
    "total_tests": 85,
    "combined_score": 0.011764705882352941
  }
}